ID,City,Club,Stadium,Cap,Country,Trivia Page link,Trivia
67,Barnsley,Barnsley,Oakwell Stadium,"23,287",England,https://www.stadiumguide.com/oakwell/,"Oakwell Stadium was built in 1888. It got extensively redeveloped in the 1990s, with only the original main stand from the early 20th century left standing."
68,Birmingham,Aston Villa,Villa Park,"42,785",England,https://www.stadiumguide.com/villapark/,"In the late 19th century, Villa Park was part of a pleasure ground that consisted of a football and cricket pitch, athletics track, and a small grandstand. Aston Villa at that time still played their home matches at the Perry Barr ground, but in 1897 moved to the superior Villa Park."
69,Birmingham,Birmingham City,St Andrew's Stadium,"30,009",England,https://www.stadiumguide.com/standrews/,"St. Andrew’s Stadium opened on the 26th of December 1906 with a league match between Birmingham City and Middlesbrough. The stadium consisted of one covered main stand and open terraces on the other sides, with an estimated capacity of 75,000 spectators."
70,Blackburn,Blackburn Rovers,Ewood Park,"31,154",England,https://www.stadiumguide.com/ewoodpark/,"Ewood Park developed quickly in the early 20th century when new stands were built and the capacity of the stadium quickly rose. It recorded its highest capacity on the 2nd of March 1929 when 62,522 visitors saw Blackburn play Bolton in an FA Cup match."
71,Blackpool,Blackpool,Bloomfield Road,"16,007",England,https://www.stadiumguide.com/bloomfieldroad/,"Football was first played at the site of Bloomfield Road in 1887. In 1899, a first modest stadium was built with the first match played on the 21st of October of that year between South Shore FC and the 1st South Lancashire Regimen. South Shore FC would soon after merge with Blackpool FC."
72,Bolton,Bolton Wanderers,University of Bolton Stadium,"28,100",England,https://www.stadiumguide.com/reebok/,Macron Stadium is particularly known for its characteristic roof structure. It was one of the first modern stadiums in the UK.
73,Bournemouth,Bournemouth,Vitality Stadium,"11,464",England,https://www.stadiumguide.com/vitality-stadium-dean-court/,"The Vitality Stadium, better known as Dean Court, was built in 1910, though initially consisted of nothing more than a small single stand."
74,Bradford,Bradford City,Coral Windows Stadium,"25,136",England,https://www.stadiumguide.com/valleyparade/,"Valley Parade was then still a modest stadium, but this changed in 1908 when the club promoted to Division One and hired Archibald Leitch to rebuild the stadium."
75,Brighton,Brighton & Hove Albion,The Amex,"31,800",England,https://www.stadiumguide.com/falmer/,"The Amex, officially called the American Express Community Stadium and also referred to as Falmer Stadium, officially opened on the 30th of July 2011 with a friendly match between Brighton and Tottenham Hotspur (2-3)."
76,Bristol,Bristol City,Ashton Gate Stadium,"27,000",England,https://www.stadiumguide.com/ashtongate/,"Ashton Gate Stadium was the home of Bedminster FC until they in 1900 merged with Bristol City. The merged club first moved to Bristol City’s ground at St John’s Lane, but in 1904 back to Ashton Gate."
77,Bristol,Bristol Rovers,Memorial Stadium,"11,000",England,https://www.stadiumguide.com/memorial-stadium/,The stadium opened on 24 September 1921. For a large part of its history it consisted of wooden stands. During the 1980s and 1990s several new stands were built by Bristol Rugby. 
78,Burnley,Burnley,Turf Moor,"21,401",England,https://www.stadiumguide.com/turfmoor/,"Burnley moved to Turf Moor in 1883, nine months after the club had formed. The first match played at the ground was against Rawtenstall (3-6), though at that point the stadium was nothing more than a pitch next to a cricket ground."
79,Bury,Bury,Gigg Lane,"11,840",England,https://www.stadiumguide.com/gigg-lane/,"The Energy Check Stadium at Gigg Lane, more commonly known as Gigg Lane, has been the home of Bury since they were founded in 1885. The first game at the ground was a friendly between Bury and Wigan (4-3) on 12 September 1885."
80,Coventry,Coventry City,Coventry Building Society Arena,"32,604",England,https://www.stadiumguide.com/ricoharena/,"Plans for the move were announced as early as 1997, but due to several delays the stadium opened four years later than initially planned. This also meant that the proposed capacity of 45,000 was later scaled back to just over 30,000."
81,Dagenham,Dagenham & Redbridge,Victoria Road,"6,078",England,https://www.stadiumguide.com/london-borough-barking-dagenham-stadium/,"The London Borough of Barking & Dagenham Stadium, more commonly known as Victoria Road, was first used in 1917 by a local factory side. It was initially not much more than a pitch with a few bare banks and it took until 1955 when Dagenham moved in before it got significantly developed."
82,Derby,Derby County,The iPro Stadium,"33,010",England,https://www.stadiumguide.com/prideparkstadium/,"The iPro Stadium, previously known as Pride Park Stadium, replaced Derby’s old Baseball Ground, which Derby left after further renovations to turn it into an all-seater turned out to be impractical."
83,Doncaster,Doncaster Rovers,Keepmoat Stadium,"15,231",England,https://www.stadiumguide.com/keepmoat-stadium/,Keepmoat Stadium was built to provide Doncaster Rovers with a modern replacement for their old Belle Vue ground.
84,Fleetwood,Fleetwood Town,Highbury Stadium,"5,094",England,https://www.stadiumguide.com/highbury-stadium-fleetwood/,"First football got played at Highbury Stadium in 1939, however due to the outbreak of World War 2 and the suspension of all football, it took seven years for the second match to be played at the ground."
85,Gillingham,Gillingham FC,Priestfield Stadium,"10,500",England,https://www.stadiumguide.com/priestfield-stadium/,"Priestfield Stadium, officially MEMS Priestfield Stadium for sponsorship reasons, has been the home of Gillingham since 1893."
86,Huddersfield,Huddersfield Town,John Smith's Stadium,"24,554",England,https://www.stadiumguide.com/johnsmithsstadium/,"The John Smith’s Stadium, also known as Kirklees Stadium, was one of the first modern-era stadiums to be built in England. It replaced Huddersfield’s old Leeds Road."
87,Hull,Hull City,MKM Stadium,"25,586",England,https://www.stadiumguide.com/kcstadium/,"Construction of the MKM Stadium cost £44 million and was financed by the city of Hull, who therefore also own the stadium. The stadium is easily expandable to a capacity of about 30,000."
88,Ipswich,Ipswich Town,Portman Road,"30,311",England,https://www.stadiumguide.com/portmanroad/,"In the early 20th century a first small wooden stand got built, but it took until 1936 when Ipswich turned professional that proper terraces were built."
89,Leeds,Leeds United,Elland Road,"39,460",England,https://www.stadiumguide.com/ellandroad/,"Elland Road opened in 1897, however in the first years of its existence it was only used for rugby matches. In 1904 newly formed football club Leeds City moved into the ground, and in the following years the stadium got gradually expanded."
90,Leicester,Leicester City,King Power Stadium,"32,312",England,https://www.stadiumguide.com/kingpowerstadium/,"Leicester City first presented plans to replace the aged Filbert Street ground in the mid 1990s, but it took until 2000 for the final plans to get unveiled. Construction of the new stadium started in 2001 and works finished in time for the start of the 2002-03 season."
91,Liverpool,Everton,Goodison Park,"40,157",England,https://www.stadiumguide.com/goodison/,"Goodison Park officially opened on 24 August 1892 with an athletics event. The first match, between Everton and Bolton (4-2), was played 9 days later. Everton had previously played at Anfield, but a dispute over the rent drove them out."
92,Liverpool,Liverpool,Anfield,"54,074",England,https://www.stadiumguide.com/anfield/,"Anfield was built in 1884, but got initially rented by Everton FC. The first game at the ground, on the 28th of September 1884, saw Everton beat Earlstown 5-0."
93,London,Arsenal,Emirates Stadium,"60,361",England,https://www.stadiumguide.com/emirates/,"Club: Arsenal FC | Opening: 2006 | Capacity: 60,361 seats"
94,London,Brentford,Brentford Community Stadium,"17,250",England,https://www.stadiumguide.com/brentford-community-stadium/,Brentford Community Stadium is the recently opened new home of London club Brentford FC. 
95,London,Charlton Athletic,The Valley,"27,111",England,https://www.stadiumguide.com/valley/,"Charlton Athletic had already played at various ground when they first moved to The Valley in 1919. The stadium was built with the help of their fans, though initially only consisted of a pitch and large earth banks, giving it the appearance of a valley."
96,London,Chelsea,Stamford Bridge,"41,837",England,https://www.stadiumguide.com/stamfordbridge/,"Stamford Bridge officially opened on the 28th of April 1877, but for the next 28 years mainly served as an athletics venue."
97,London,Crystal Palace,Selhurst Park,"26,225",England,https://www.stadiumguide.com/selhurstpark/,Selhurst Park was built in the early 1920s after Crystal Palace had bought a piece of land from the Brighton Railway Company and architect Archibald Leitch had been hired to design the new stadium.
98,London,Fulham,Craven Cottage,"25,700",England,https://www.stadiumguide.com/cravencottage/,"Craven Cottage has a history that dates back to 1780 when a cottage was built in the woods and the surrounding fields were used for various sports. The site, however, later fell into disuse and the original cottage burned down in 1888."
99,London,Leyton Orient,The Matchroom Stadium,"9,271",England,https://www.stadiumguide.com/matchroomstadium/,"The Matchroom Stadium, commonly referred to as Brisbane Road, became the home of Leyton Orient in 1937. The site had earlier been used by amateur club Leyton FC, whereas Leyton Orient had played at a stadium on Lea Bridge Road."
100,London,Millwall,The Den,"19,734",England,https://www.stadiumguide.com/den/,"The Den, previously called The New Den, was one of the first stadiums to be built following the Taylor Report and complying with the report’s recommendations. It replaced The Old Den, which was located in the same area."
101,London,Queens Park Rangers,Loftus Road,"18,439",England,https://www.stadiumguide.com/loftusroad/,"Loftus Road was built in 1904, but it was only in 1917 that QPR moved to the ground. QPR brought one covered seating stand from their previous ground at Park Royal, and the rest of the stadium consisted of open terraces."
102,London,Tottenham Hotspur,Tottenham Hotspur Stadium,"62,303",England,https://www.stadiumguide.com/newtottenhamhotspurstadium/,"For years the club had been looking for ways to increase revenue by either refurbishing White Hart Lane, building a brand new stadium, or moving to an already existing stadium, which at different points in time was either Wembley Stadium or London Olympic Stadium."
103,London,West Ham United,London Stadium,"60,000",England,https://www.stadiumguide.com/london-olympic-stadium/,"London Stadium, also known as London Olympic Stadium, got built to serve as the centerpiece stadium for the 2012 London Summer Olympics, during which it hosted the athletics events and opening and closing ceremonies."
104,London,--,Wembley Stadium,"90,000",England,https://www.stadiumguide.com/wembleynew/,"Wembley Stadium is, after Camp Nou, the second largest stadium in Europe and the standard playing venue of the English national team. It also hosts the annual League Cup final, FA Cup final, and the Community Shield."
105,Luton,Luton Town,Kenilworth Road,"10,226",England,https://www.stadiumguide.com/kenilworth-road/,"Luton Town moved to Kenilworth Road in 1905 about 20 years after the club was formed. The principal stand was a wooden main stand, which  burnt down in the 1920s and got replaced by the present main stand."
106,Manchester,Manchester City,Etihad Stadium,"55,000",England,https://www.stadiumguide.com/cityofmanchester/,"Etihad Stadium, also known as Eastlands, was built for the 2002 Commonwealth Games. Following the games, the stadium was converted into a football stadium as to provide Manchester City with a modern replacement for Maine Road. The club moved into Etihad Stadium at the start of the 2003-04 season."
107,Manchester,Manchester United,Old Trafford,"75,811",England,https://www.stadiumguide.com/oldtrafford/,"In the first decade of the 20th century, Manchester United played their home matches at a 50,000-stadium at Bank Street, when then president Davies began planning for a new stadium with double that capacity. A site was chosen near Trafford Park industrial estate, and architect Archibald Leitch was appointed to design the stadium."
108,Middlesbrough,Middlesbrough,Riverside Stadium,"34,742",England,https://www.stadiumguide.com/riversidestadium/,"The Riverside Stadium was the first large modern English stadium to be constructed after the Taylor Report. It replaced the old Ayresome Park, which, being hemmed in by terraced housing, lacked the possibilities for expansion."
109,Newcastle-upon-Tyne,Newcastle United,St James Park,"52,339",England,https://www.stadiumguide.com/stjamespark/,"St James’ Park was first used for football in 1880, but was initially nothing more than a bare pitch."
110,Norwich,Norwich City,Carrow Road,"27,010",England,https://www.stadiumguide.com/carrowroad/,"Norwich quickly found a new site though, and in the weeks before the new season built a new stadium. Carrow Road opened on the 31st of August 1935 with a league match between Norwich and West Ham (4-3)."
111,Nottingham,Nottingham Forest,City Ground,"30,567",England,https://www.stadiumguide.com/cityground/,Nottingham Forest moved to the City Ground in 1898 after unsuccessfully trying to find a permanent home in previous decades.
112,Nottingham,Notts County,Meadow Lane,"20,300",England,https://www.stadiumguide.com/meadowlane/,"In their early years Notts County used to play at the Trent Bridge Cricket Ground, but when their lease was not renewed in 1910, they were forced to find a new ground. The club rented a site on the other side of the river Trent at Meadow Lane, which they got ready to play for the start of the 1910/11 season."
113,Oxford,Oxford United,The Kassam Stadium,"12,500",England,https://www.stadiumguide.com/kassam/,The Kassam Stadium finally opened on the 4th of August 2001 with a friendly match between Oxford and Crystal Palace (1-1).
114,Peterborough,Peterborough,ABAX Stadium,"14,084",England,https://www.stadiumguide.com/londonroadstadium/,"London Road Stadium has existed since 1913, but was initially nothing more than a small municipal stadium with one wooden stand and earth banking on the other sides."
115,Portsmouth,Portsmouth,Fratton Park,"21,178",England,https://www.stadiumguide.com/frattonpark/,Fratton Park has been the home of Portsmouth since they were founded in 1898. The first match at the ground was a friendly between Portsmouth and Southampton.
116,Preston,Preston North End,Deepdale,"23,404",England,https://www.stadiumguide.com/deepdale/,"Deepdale has been the home of Preston since 1875, which makes it the oldest continuous professional football ground in the world."
117,Reading,Reading,Madejski Stadium,"24,161",England,https://www.stadiumguide.com/madejski/,"Madejski Stadium replaced Reading’s previous ground Elm Park. It came at a cost of £50 million. The stadium opened on 22 August 1998 with a match between Reading and Luton Town (3-0), though the official opening was a few weeks later."
118,Rochdale,Rochdale AFC,Crown Oil Arena,"12,249",England,https://www.stadiumguide.com/crown-oil-arena/,Spotland Stadium got almost entirely rebuilt between 1992 and 2000 with three new stands on both sides and one end. The remaining Sandy Lane terrace behind the goal got extensively revamped.
119,Rotherham,Rotherham United,New York Stadium,"12,000",England,https://www.stadiumguide.com/newyorkstadium/,New York Stadium was built to provide Rotherham United with a new permanent home after they were forced to leave their traditional home Millmoor and temporarily move into Don Valley Stadium in Sheffield.
120,Scunthorpe,Scunthorpe United,Glanford Park,"9,088",England,https://www.stadiumguide.com/glanford-park/,Glanford Park got built in the 1980s to replace Scunthorpe’s Old Show Ground. It was the first new English Football League stadium to be built since Southend’s Roots Hall in 1955.
121,Sheffield,Sheffield United,Bramall Lane,"32,609",England,https://www.stadiumguide.com/bramalllane/,Bramall Lane is the oldest stadium in the world still hosting professional football matches.
122,Sheffield,Sheffield Wednesday,Hillsborough,"39,732",England,https://www.stadiumguide.com/hillsborough/,"Sheffield Wednesday moved to Hillsborough Stadium in 1899. They played their first match at their new ground on 2 September 1899 against Chesterfield (5-1). At that time, the stadium was still called Owlerton Stadium."
123,Shrewsbury,Shrewsbury Town,Montgomery Waters Stadium,"9,875",England,https://www.stadiumguide.com/montgomery-waters-meadow/,"Montgomery Waters Meadow, also known as New Meadow, was built in 2007 to replace Shrewsbury’s old Gay Meadow ground, which could not meet the standards of modern time."
124,Southampton,Southampton,St Mary's Stadium,"32,689",England,https://www.stadiumguide.com/stmarysstadium/,"St Mary’s Stadium has been the home of Southampton since 2001 when the club moved away from The Dell, where they had played for the previous 103 years."
125,Southend-on-Sea,Southend United,Roots Hall Stadium,"13,392",England,https://www.stadiumguide.com/roots-hall/,"Southend United had been playing at the site of Roots Hall since their foundation in 1906, but moved away in 1919 and spent over three decades renting other grounds."
126,Stevenage,Stevenage FC,The Lamex Stadium,"6,490",England,https://www.stadiumguide.com/lamex-stadium-stevenage/,"The Lamex Stadium, also known as Broadhall Way, was built in 1961 and first served as the home of Stevenage Town and next of their successor Stevenage Athletic. Following the bankruptcy of the latter in 1976, the stadium was left unused until in 1980 newly formed Stevenage FC (then still called Stevenage Borough) made the stadium their home."
127,Stoke-on-Trent,Stoke City,bet365 Stadium,"27,743",England,https://www.stadiumguide.com/britanniastadium/,"The bet365 Stadium, previously known as Britannia Stadium, was one of the first newly built modern stadiums of England. It replaced Stoke’s old Victoria Ground, where they had played for 117 years."
128,Sunderland,Sunderland,Stadium of Light,"49,000",England,https://www.stadiumguide.com/stadiumoflight/,"The Stadium of Light was built in the mid 1990s as a replacement for Sunderland’s old Roker Park, which lacked the possibilities for further expansion and modernisation."
129,Watford,Watford,Vicarage Road,"21,500",England,https://www.stadiumguide.com/vicarageroad/,Watford FC moved to Vicarage Road in 1922 after it had been playing for 23 years at a ground on Cassio Road. The club played their first match at the new ground on the 30th of August 1922 against Millwall.
130,West Bromwich,West Bromwich Albion,The Hawthorns,"26,287",England,https://www.stadiumguide.com/hawthorns/,"The Hawthorns officially opened on 3 September 1900 with a match between West Brom and Derby County (1-1). Construction had only taken four months and the ground could hold 35,500 supporters."
131,Wigan,Wigan Athletic,DW Stadium,"25,133",England,https://www.stadiumguide.com/dwstadium/,"The DW Stadium, until 2009 called JJB Stadium, replaced Wigan’s previous home Springfield Park, where Wigan had been playing their home matches for almost 70 years."
132,Wolverhampton,Wolverhampton Wanderers,Molineux Stadium,"31,700",England,https://www.stadiumguide.com/molineux/,"Wolves moved into Molineux Stadium in 1889, having played at various grounds in the first decade of their existence."
133,Ajaccio,AC Ajaccio,Stade Francois Coty,"10,660",France,https://www.stadiumguide.com/francoiscoty/,"Stade François Coty, also referred to as Stade de Timizzolu, opened on 1 December 1969 with the derby between Ajaccio and Bastia."
134,Amiens,Amiens SC,Stade de la Licorne,"12,097",France,https://www.stadiumguide.com/stade-de-la-licorne/,"Stade de la Licorne officially opened on 24 July 1999 with the French Super Cup match between Nantes and Bordeaux (1-0), though Johnny Hallyday had already given an inauguration concert a few weeks earlier."
135,Angers,Angers SCO,Stade Raymond Kopa,"16,500",France,https://www.stadiumguide.com/stade-jean-bouin/,"Stade Raymond Kopa, previously known as Stade Jean Bouin, opened in 1912. The stadium was initially called Stade Bessonneau and had an athletics track, which got removed in 1957 in a redevelopment. At the same time it got renamed Stade Jean Bouin."
136,Annecy,FC Annecy,Parc des Sports,"15,660",France,https://www.stadiumguide.com/parc-des-sports-dannecy/,Parc des Sports Annecy opened on 18 July 1964 with an athletics event.
137,Auxerre,AJ Auxerre,Stade Abbe Deschamps,"21,379",France,https://www.stadiumguide.com/abbedeschamps/,"At that time, the stadium was still called Stade de la Route de Vaux, but it got renamed in 1949 after the death of Auxerre’s founder Abbé Deschamps."
138,Bastia,SC Bastia,Stade Armand Cesari,"16,480",France,https://www.stadiumguide.com/armandcesari/,"For most of its existence, the stadium was a very small affair with just a tiny covered main stand and small open terraces on the other sides."
139,Bordeaux,Girondins de Bordeaux,Matmut Atlantique,"42,115",France,https://www.stadiumguide.com/stade-de-bordeaux/,"Stade Matmut Atlantique, previously also known as Nouveau Stade de Bordeaux, is the recently opened new stadium of Girondins de Bordeaux. It replaced Bordeaux’s old stadium Stade Chaban-Delmas."
140,Bordeaux,--,Stade Chaban-Delmas,"34,263",France,https://www.stadiumguide.com/chabandelmas/,Parc Lescure officially opened on 12 June 1938. The first match was the World Cup quarter-final between Brazil and Czechoslovakia (1-1). Later on in the tournament the stadium would also host the match for third place between Brazil and Sweden (4-2).
141,Bourg-en-Bresse,FBBP 01,Stade Marcel Verchere,"11,500",France,https://www.stadiumguide.com/stade-marcel-verchere/,"Stade Marcel Verchere has mostly been used for rugby during its history being the home of US Bressane. It became the home of FBBP 01 following their promotion to Ligue 2 in 2015. Previously the club had played at the smaller Stade Municipal de Peronnas, which did not meet Ligue 2 standards."
142,Brest,Stade Brestois 29,Stade Francis-Le Ble,"15,097",France,https://www.stadiumguide.com/francisleble/,"It was a relatively modest stadium that remained almost unchanged until a new main stand was built in 1982. At that time it also changed names to Stade Francis-Le Blé, after a former mayor of the city."
143,Caen,Stade Malherbe Caen,Stade Michel d'Ornano,"21,000",France,https://www.stadiumguide.com/micheldornano/,"Stade Michel d’Ornano was built between December 1991 and June 1993. It replaced Caen’s previous ground Stade de Venoix, and was one of the first modern stadiums to be built in the 1990s. The new stadium came at a cost of €22.7 million."
144,Chateauroux,Le Berrichonne de Chateauroux,Stade Gaston Petit,"17,000",France,https://www.stadiumguide.com/stade-gaston-petit/,"The stadium underwent a large renovation in 1997 following the promotion of Chateauroux to Ligue 1. It recorded its highest attendance of 15,896 during their debut season in Ligue 1 in 1998 when Marseille came to visit. "
145,Dijon,Dijon FCO,Stade Gaston-Gerard,"16,000",France,https://www.stadiumguide.com/gastongerard/,"Stade Gaston-Gérard opened on 19 May 1934 as Parc des Sports and could at that time hold about 10,000 spectators."
146,Grenoble,Grenoble Foot 38,Stade des Alpes,"20,000",France,https://www.stadiumguide.com/stadedesalpes/,"The stadium is best known for its characteristic design by Chaix & Morel architects, and in particular its transparent swelling roof structure. The design has a lot of similarities with Amiens’ Stade de la Licorne, which was designed by the same architects."
147,Guingamp,EA Guingamp,Stade du Roudourou,"18,250",France,https://www.stadiumguide.com/stade-du-roudourou/,Stade du Roudourou officially opened on 21January 1990 with a friendly match between Guingamp and Paris Saint-Germain.
148,Le Havre,Havre AC,Stade Oceane,"25,278",France,https://www.stadiumguide.com/stadeoceane/,"Stade Océane officially opened on 12 July 2012, exactly two years after construction had begun."
149,Le Mans,Le Mans FC,MMArena,"25,000",France,https://www.stadiumguide.com/mmarena/,Construction of the MMArena had taken 30 months and came at a cost of €104 million. The naming rights of the stadium were sold to insurance firm MMA.
150,Lens,RC Lens,Stade Bollaert-Delelis,"38,223",France,https://www.stadiumguide.com/stadebollaertdelelis/,"Stade Bollaert-Delelis, earlier known as Stade Félix-Bollaert, officially opened in 1934 after a two-year construction period."
151,Lille,Lille OSC,Stade Pierre Mauroy,"50,000",France,https://www.stadiumguide.com/grandstadelille/,"Stade Pierre Mauroy, earlier referred to as Grand Stade Lille Métropole, was built to provide Lille OSC with a new and modern home."
152,Lorient,FC Lorient,Stade du Moustoir,"14,340",France,https://www.stadiumguide.com/yvesallainmat/,"Stade du Moustoir hardly changed in the following decades. It was only when Lorient promoted to Ligue 1 in 1998 that the stadium got considerably renovated, which meant the construction of two new stands. At the same time, the cycling tracks were removed."
153,Lyon,Olympique Lyonnais,Groupama Stadium,"59,186",France,https://www.stadiumguide.com/grandstadeol/,"Groupama Stadium, also known as Parc Olympique Lyonnais, Parc OL, or Grand Stade OL, is the recently opened new home of Olympique Lyonnais. It replaced Stade de Gerland as Lyon’s home ground."
154,Lyon,--,Stade Gerland,"40,494",France,https://www.stadiumguide.com/gerland/,Stade Gerland was built over most of the 1920s and officially opened in May 1926. It was designed as a stadium for multiple sports and during its first decades few football was played at the then still oval-shaped stadium.
155,Marseille,Olympique de Marseille,Orange Velodrome,"67,000",France,https://www.stadiumguide.com/velodrome/,"Orange Velodrome, better known as Stade Velodrome, was built to serve as a playing venue for the 1938 World Cup. Soon after it became the new home of Olympique de Marseille after Stade de l’Huveaune had become too small for the club."
156,Metz,FC Metz,Stade Saint-Symphorien,"26,600",France,https://www.stadiumguide.com/stade-saint-symphorien/,"The stadium got gradually expanded in the 1950s and 60s, which included the construction of a new main stand in 1962. Its record attendance was set in 1991 when 28,766 spectators attended a match between Metz and Marseille."
157,Monaco,AS Monaco FC,Stade Louis II,"18,523",France,https://www.stadiumguide.com/louis2/,Stade Louis II got built in the early 1980s in place of Monaco’s old Stade Louis II. It officially opened on the 25 January 1985.
158,Montbeliard,FC Sochaux,Stade Auguste Bonal,"20,000",France,https://www.stadiumguide.com/bonal/,"The stadium was built with the help of car manufacturer Peugeot, which are home to Sochaux, and a site was chosen close to the Peugeot factories."
159,Montpellier,Montpellier HSC,Stade de la Mosson,"32,900",France,https://www.stadiumguide.com/mosson/,"Stade de la Mosson was selected as one of the playing venues of the 1998 World Cup and as a result had to get expanded to a capacity of 35,000. This led to the construction of the stadium’s characteristic three-tier stand."
160,Nancy,AS Nancy Lorraine,Stade Marcel-Picot,"20,087",France,https://www.stadiumguide.com/marcelpicot/,"The stadium initially consisted of only one real stand, with the rest of the stadium consisting of earth banks arranged in the form of a series of steps."
161,Nantes,FC Nantes,Stade de La Beaujoire,"37,473",France,https://www.stadiumguide.com/beaujoire/,Stade de La Beaujoire officially opened on 8 May 1984 with a friendly between FC Nantes and the Romanian national team.
162,Nice,OGC Nice,Allianz Riviera,"35,624",France,https://www.stadiumguide.com/allianz-riviera/,"The Allianz Riviera, also known as Grand Stade de Nice, is the recently opened new stadium of OGC Nice."
163,Nimes,Nimes Olympique,Stade des Costieres,"29,487",France,https://www.stadiumguide.com/stade-des-costieres/,Stade des Costières officially opened on 15 February 1989 with a friendly international between the French and Dutch national teams.
164,Niort,Chamois Niortais,Stade Rene Gaillard,"11,352",France,https://www.stadiumguide.com/stade-rene-gaillard/,"The stadium recorded its highest attendance of 16,715 during the 1987/1988 season when Marseille visited Niort."
165,Paris,Paris FC,Stade Charlety,"20,000",France,https://www.stadiumguide.com/stade-charlety/,"Stade Charlety, in full Stade Sébastien Charlety, got built in 1939 to serve as the new home of rugby club PUC."
166,Paris,Paris Saint-Germain,Parc des Princes,"48,527",France,https://www.stadiumguide.com/parcdesprinces/,"Club: Paris Saint-Germain FC | Opening: 1972 | Capacity: 48,527 seats"
167,Reims,Stade de Reims,Stade Auguste Delaune,"21,684",France,https://www.stadiumguide.com/augustedelaune/,Stade de Reims first made plans for a move to a new stadium in the late 1990s. It took several years of studies and planning until building works started in 2004.
168,Rennes,Stade Rennais FC,Roazhon Park,"29,778",France,https://www.stadiumguide.com/routedelorient/,"Roazhon Park, better known as Stade de la Route de Lorient, officially opened on 15 October 1912 with a match between Rennes and Racing Club de France (0-4). Stade Rennais had moved to the new ground after their previous ground on the south bank of the river Vilaine had flooded several times."
169,Saint-Denis,--,Stade de France,"80,000",France,https://www.stadiumguide.com/stadedefrance/,Stade de France is the largest stadium in France and the stadium where the French national team plays its most important home matches.
170,Saint-Etienne,AS Saint-Etienne,Stade Geoffroy Guichard,"41,500",France,https://www.stadiumguide.com/geoffroyguichard/,"Stade Geoffroy-Guichard was built on a plot of land that was donated to the club by its founder Geoffroy Guichard (who also founded the retail group Casino). The president of the club, his son Pierre, in turn decided to name the stadium after his father."
171,Strasbourg,RC Strasbourg Alsace,Stade de la Meinau,"27,500",France,https://www.stadiumguide.com/stade-meinau/,"Football has been played at the side of Stade de la Meinau since 1906. It has been the home of the predecessor of RC Strasbourg since 1914, though for the first few years it was nothing but an open field without stands."
172,Toulouse,Toulouse FC,Stadium de Toulouse,"35,472",France,https://www.stadiumguide.com/stadiumdetoulouse/,"The stadium was further developed in 1949, but then remained very much the same for almost half a century."
173,Troyes,ES Troyes AC,Stade de l'Aube,"20,400",France,https://www.stadiumguide.com/aube/,"Stade de l’Aube was built in 1924, and, despite a first upgrade in 1956, for long remained a rather modest stadium with two small covered stands at the long sides and earth banks at the ends. The stadium was at that time oval-shaped."
174,Valenciennes,Valenciennes FC,Stade du Hainaut,"24,926",France,https://www.stadiumguide.com/hainaut/,Stade du Hainaut officially opened on 26 July 2011 with a friendly match between Valenciennes FC and Borussia Dortmund (0-1).
175,Aachen,Alemannia Aachen,Tivoli,"32,960",Germany,https://www.stadiumguide.com/tivoli/,Tivoli replaced Alemannia’s old stadium with the same name.
176,Aue,Erzgebirge Aue,Erzgebirgsstadion,"16,485",Germany,https://www.stadiumguide.com/erzgebirgsstadion/,"The stadium officially opened on the 20th of August 1950 with a match between Erzbergbau and Waggonbau Dessau (3-3). It could hold about 25,000 spectators at that time."
177,Augsburg,FC Augsburg,WWK Arena,"30,660",Germany,https://www.stadiumguide.com/wwkarena/,Building works started late 2007 and were completed by the summer of 2009. The WWK Arena officially opened on 26 July 2009 with a match between Augsburg and a selection of players from the region.
178,Berlin,FC Union Berlin,Stadion An der Alten Försterei,"22,012",Germany,https://www.stadiumguide.com/stadion-alten-forsterei-berlin/,"Stadion An der Alten Försterei was built in 1920 as FC Olympia, the predecessor of Union, had to move out of their previous home, which had gotten repurposed for residential housing."
179,Berlin,Hertha BSC,Olympiastadion,"74,649",Germany,https://www.stadiumguide.com/olympiastadionberlin/,The Olympiastadion was built between 1934 and 1936 to serve as the centrepiece of the 1936 Olympics. It officially opened on the 1st of August 1936 with the Olympic opening ceremony. Most notable event during the Games were the four gold medals of African-American track and field athlete Jesse Owens.
180,Bielefeld,Arminia Bielefeld,SchucoArena,"26,515",Germany,https://www.stadiumguide.com/schucoarena/,"The SchücoArena, originally called Melanchthon Alm, officially opened on 1 May 1926 with a match between Arminia Bielefeld and Viktoria Hamburg (1-5)."
181,Bochum,VFL Bochum,Vonovia Ruhrstadion,"29,299",Germany,https://www.stadiumguide.com/rewirpowerstadion/,"The roots of Vonovia Ruhrstadion, previously called simply Ruhrstadion and rewirpowerStadion for sponsor reasons, go back to October 1911 when a first sports field was opened at the site of the current stadium."
182,Bremen,Werder Bremen,Weserstadion,"42,100",Germany,https://www.stadiumguide.com/weserstadion/,Weserstadion was built in 1909 as a general sports field. It had one wooden stand and was initially only sporadically used for football matches.
183,Brunswick,Eintracht Braunschweig,Eintracht-Stadion,"23,325",Germany,https://www.stadiumguide.com/eintracht-stadion/,Eintracht-Stadion got built in 1923 when Eintracht was in need of a larger replacement for a ground they occupied on the Helmstedter Straße.
184,Cologne,1. FC Koln,RheinEnergieStadion,"50,000",Germany,https://www.stadiumguide.com/rheinenergie/,RheinEnergieStadion was built to replace Cologne’s old Müngersdorfer Stadion with the perspective of the city being one of the host cities of the 2006 World Cup.
185,Cottbus,Energie Cottbus,Stadion der Freundschaft,"22,528",Germany,https://www.stadiumguide.com/stadionderfreundschaft/,"The stadium became the new home of Energie Cottbus in the late 1970s. At that time, it was oval-shaped, had one covered main stand, and open terraces on all other sides. It could hold about 15,000 spectators."
186,Darmstadt,SV Darmstadt 98,Stadion am Bollenfalltor,"17,400",Germany,https://www.stadiumguide.com/jonathan-heimes-stadion-bollenfalltor/,"The stadium could initially hold a modest 8,000 spectators, but an expansion in the early 1950s increased this to 25,000. The stadium underwent the next significant changes in the mid-1970s when first in 1975 a new main stand got built, followed a year later by a new stand on the opposite side. This boosted capacity to its maximum of 30,000 places."
187,Dortmund,Borussia Dortmund,Signal Iduna Park,"81,359",Germany,https://www.stadiumguide.com/westfalenstadion/,"Signal Iduna Park, before 2005 called Westfalenstadion, was built to serve as a playing venue for the 1974 World Cup."
188,Dresden,Dynamo Dresden,Rudolf-Harbig-Stadion,"32,249",Germany,https://www.stadiumguide.com/glucksgasstadion/,"By the 2000s, however, the old stadium had significantly aged, lacked modern facilities, and got further damaged during the 2002 Elbe floods."
189,Duisburg,MSV Duisburg,Schauinsland-Reisen-Stadion,"31,500",Germany,https://www.stadiumguide.com/msvarena/,"The Schauinsland-Reisen-Arena replaced Duisburg’s old Wedaustadion. Plans for the construction of the new arena were presented in 2002, and demolition of the old stadium started in May 2003."
190,Dusseldorf,Fortuna Dusseldorf,Merkur Spiel Arena,"54,600",Germany,https://www.stadiumguide.com/espritarena/,"The city of Düsseldorf had hoped that the arena would be used as a playing venue during the 2006 World Cup, but their bid got rejected. The total project costs, including surrounding infrastructure, amounted to €218 million."
191,Essen,Rot-Weiss Essen,Stadion Essen,"20,650",Germany,https://www.stadiumguide.com/stadion-essen/,"Stadion Essen replaced Essen’s old Georg-Melches-Stadion, which had fallen into disrepair by the late 2000s."
192,Frankfurt,Eintracht Frankfurt,Deutsche Bank Park,"51,500",Germany,https://www.stadiumguide.com/commerzbankarena/,"Deutsche Bank Park, then called Commerzbank-Arena, officially opened during the 2005 Confederations Cup with a match between Germany and Australia (4-3). During the same tournament the stadium also hosted the final between Brazil and Argentina (4-1). The new stadium had come at a cost of €126 million."
193,Freiburg,SC Freiburg,Schwarzwald-Stadion,"24,000",Germany,https://www.stadiumguide.com/dreisamstadion/,"Schwarzwald-Stadion, originally called Dreisamstadion, opened on 4 September 1954. It was initially a very modest structure and it took until 1970 for the first major stand to be erected."
194,Furth,Greuther Furth,Sportpark Ronhof,"18,000",Germany,https://www.stadiumguide.com/trolliarena/,"Sportpark Ronhof, in full Sportpark Ronhof Thomas Sommer, was built in the early 20th century. Greuther Fürth had been formed in 1906, but already one year in their existence decided that they needed a proper stadium."
195,Gelsenkirchen,FC Schalke 04,VELTINS-Arena,"61,673",Germany,https://www.stadiumguide.com/arenaaufschalke/,"The VELTINS-Arena, before 2005 known as the Arena aufSchalke, replaced Schalke’s old Parkstadion. It was the first stadium in Germany that was completely privately financed without government subsidies and came at a cost of €191 million."
196,Hamburg,Hamburger SV,Volksparkstadion,"57,000",Germany,https://www.stadiumguide.com/hamburgarena/,"Volksparkstadion, also referred to as Hamburg Arena, got built on the site of the old stadium with the same name, but with the pitch turned 90 degrees. Building works started in July 1998, and as the old stadium was gradually demolished and replaced with the new one, HSV kept playing their home games at the stadium."
197,Hamburg,St. Pauli,Millerntor-Stadion,"29,546",Germany,https://www.stadiumguide.com/millerntor-stadion/,"Millerntor-Stadion opened in 1963 and could initially hold about 32,000 spectators."
198,Hanover,Hannover 96,HDI Arena,"49,000",Germany,https://www.stadiumguide.com/awdarena/,"The HDI Arena, until 2013 known as AWD Arena and until 2002 called Niedersachsenstadion, was built between 1952 and 1954. The stadium, which cost 4 million DM to build, opened on the 26th of September 1954."
199,Ingolstadt,FC Ingolstadt 04,Audi Sportpark,"15,800",Germany,https://www.stadiumguide.com/audisportpark/,Audi Sportpark was built to provide newly formed merger club FC Ingolstadt with a new and modern home.
200,Kaiserslautern,1. FC Kaiserslautern,Fritz-Walter-Stadion,"49,780",Germany,https://www.stadiumguide.com/fritzwalter/,"Fritz-Walter-Stadion, then still called Sportplatz Betzenberg, got built in 1920. It initially consisted of one wooden stand, a sandy pitch, and changing facilities for the players."
201,Kiel,Holstein Kiel,Holstein-Stadion,"13,400",Germany,https://www.stadiumguide.com/holstein-stadion-kiel/,"Holstein-Stadion, initially called Holsteinplatz, opened on 15 October 1911 with a friendly between FV Holstein and Preussen Berlin. It was, back then, merely a field with one wooden stand."
202,Leipzig,RB Leipzig,Red Bull Arena,"42,959",Germany,https://www.stadiumguide.com/zentralstadion/,"The Red Bull Arena in Leipzig, until 2010 called Zentralstadion, was built between 2000 and 2004 with the perspective of the upcoming 2006 World Cup. The stadium got built on the site of the old Zentralstadion, which was completely demolished with just the green outer banks remaining."
203,Leverkusen,Bayer 04 Leverkusen,BayArena,"30,000",Germany,https://www.stadiumguide.com/bayarena/,"Ulrich-Haberland-Stadion officially opened on the 2nd of August 1958. It was oval-shaped, had one covered main stand, and could hold about 20,000 visitors."
204,Magdeburg,1. FC Magdeburg,MDCC-Arena,"25,500",Germany,https://www.stadiumguide.com/stadion-magdeburg/,"The MDCC-Arena, previously called Stadion Magdeburg, was built to provide Magdeburg with a modern home. It replaced the old Ernst-Grube Stadion, which had stood at the same site."
205,Mainz,1. FSV Mainz 05,MEWA Arena,"33,305",Germany,https://www.stadiumguide.com/cofacearena/,"The Opel Arena officially opened on 4 July 2011, whereas the first football match was played on 19 July with a mini-tournament of Mainz, Dortmund, Bayern, and Hamburg."
206,Mainz,1. FSV Mainz 05 II,Bruchwegstadion,"18,000",Germany,https://www.stadiumguide.com/bruchwegstadion/,The Bruchwegstadion was for over 70 years the home of 1. FSV Mainz and is the current home of the Mainz’ U23 team 1. FSV Mainz II.
207,Monchengladbach,Borussia Monchengladbach,Borussia-Park,"54,010",Germany,https://www.stadiumguide.com/borussiapark/,"Borussia-Park officially opened on the 30th of July 2004. Two weeks later it hosted its first match, a Bundesliga match between Borussia M’Gladbach and Dortmund that ended in a 2-3 defeat for the hosts."
208,Munich,FC Bayern,Allianz Arena,"75,000",Germany,https://www.stadiumguide.com/allianz/,"Construction of the Allianz Arena started in October 2002, with a total investment in the project of €340 million."
209,Munich,TSV 1860 Munchen,Grunwalder Stadion,"15,000",Germany,https://www.stadiumguide.com/grunwalder-stadion/,"Grunwalder Stadion opened on 21 May 1911 with a match between TSV 1860 and MTV Munich (4-0). It was initially a rather modest ground, but got quickly expanded in the 1920s to a capacity of over 40,000."
210,Munich,--,Olympiastadion Munich,"69,250",Germany,https://www.stadiumguide.com/olympiastadion-munchen/,"The stadium formed part of the Olympiapark, and during the Olympics hosted among others the opening and closing ceremonies and athletics events. "
211,Nuremberg,1. FC Nurnberg,Max-Morlock-Stadion,"50,000",Germany,https://www.stadiumguide.com/easycreditstadion/,"The stadium was a project of local architect Otto Ernst Schweizer. Its most characteristic feature was its octagonal shape, which it still has and makes it the only of its kind in Germany"
212,Paderborn,SC Paderborn 07,Benteler-Arena,"15,000",Germany,https://www.stadiumguide.com/energieteamarena/,"SC Paderborn first announced plans for the construction of a new stadium in 2001, and building works commenced in the summer of 2005."
213,Regensburg,Jahn Regensburg,Jahnstadion Regensburg,"15,115",Germany,https://www.stadiumguide.com/continental-arena/,"Jahnstadion Regensburg, previously known as the Continental Arena, got built to provide Jahn Regensburg with a new modern home. It replaced the old Jahnstadion."
214,Sinsheim,1899 Hoffenheim,PreZero Arena,"30,150",Germany,https://www.stadiumguide.com/rheinneckararena/,"The PreZero Arena, previously known as Rhein-Neckar-Arena, got built between May 2007 and January 2009. It replaced Hoffenheim’s old Dietmar-Hopp-Stadion, which did not have the necessary facilities for Bundesliga football."
215,Stuttgart,VFB Stuttgart,Mercedes-Benz Arena,"60,441",Germany,https://www.stadiumguide.com/gottliebdaimler/,"Just two years later, the stadium was further expanded with wooden stands to a capacity of over 70,000 places, though these stands had to get closed in 1938 due to safety regulations."
216,Wiesbaden,SV Wehen Wiesbaden,BRITA-Arena,"12,556",Germany,https://www.stadiumguide.com/brita-arena/,The stadium was erected in a relatively short period over the summer and officially opened on 11 October 2007 with a match between Wiesbaden and Borussia Dortmund. It came at a cost of  €16 mln and received a sponsor name from water filter company Brita.
217,Wolfsburg,VFL Wolfsburg,Volkswagen Arena,"30,000",Germany,https://www.stadiumguide.com/volkswagenarena/,"The Volkswagen Arena was built between May 2001 and December 2002 and replaced Wolfsburg’s old VFL Stadion. The stadium officially opened on 13 December 2002. The first match, between Wolfsburg and Stuttgart (1-2), was played two days later."
218,Bari,Bari,Stadio San Nicola,"58,270",Italy,https://www.stadiumguide.com/sannicola/,"The stadium was designed by Genovese architect Renzo Piano, who dubbed it “the spaceship”, because of the similarities in shape. The original design did not include an athletics track, but this was later added at the request of Italian Olympic Committee CONI."
219,Benevento,Benevento Calcio,Stadio Ciro Vigorito,"12,847",Italy,https://www.stadiumguide.com/stadio-ciro-vigorito/,"Stadio Ciro Vigorito, initially called Stadio Santa Colomba, officially opened on 9 September 1979."
220,Bergamo,Atalanta,Stadio Atleti Azzurri d'Italia,"26,562",Italy,https://www.stadiumguide.com/atletiazzurri/,"Over the years, Stadio Atleti Azzurri d’Italia got gradually expanded with the addition of both curves and a roof over the main stand. The stadium initially had a running track circling the pitch, but makeshift stands have been placed over it."
221,Bologna,Bologna,Stadio Renato Dall'Ara,"38,279",Italy,https://www.stadiumguide.com/renatodallara/,"The stadium was initially called Il Littoriale and could hold 50,100 spectators. It already looked very similar to today’s stadium."
222,Brescia,Brescia,Stadio Mario Rigamonti,"16,308",Italy,https://www.stadiumguide.com/mariorigamonti/,"Stadio Mario Rigamonti opened in 1959. It was named in honour of Mario Rigamonti, a player of the great Torino team that died in the Superga air disaster."
223,Cagliari,Cagliari,Stadio Sant'Elia,"23,486",Italy,https://www.stadiumguide.com/santelia/,Stadio Sant’Elia opened in 1970. The first match played at the stadium was a Coppa Italia match between Cagliari and Massese.
224,Catania,Catania,Stadio Angelo Massimio,"20,016",Italy,https://www.stadiumguide.com/angelomassimino/,"The oval-shaped stadium initially consisted of two stands on both sides and a one-tiered Curva Nord. It had a capacity of about 20,000 places."
225,Como,Como,Stadio G. Sinigaglia,"8,028",Italy,https://www.stadiumguide.com/stadio-g-sinigaglia/,The stadium remained largely unchanged until 1990 when the main stand got demolished and replaced with a new one. In the mid-1990s the same was done with the stand on the other side.
226,Cremona,Cremonese,Stadio Giovanni Zini,"16,003",Italy,https://www.stadiumguide.com/stadio-giovanni-zini/,"The stadium underwent a large renovation in 2007 and another large refurbishment in 2017, which included the construction of a roof over the side opposite the main stand."
227,Crotone,Crotone,Stadio Ezio Scida,"9,631",Italy,https://www.stadiumguide.com/stadio-ezio-scida/,"Stadio Ezio Scida opened in 1946 after having been under construction for 11 years. The stadium was named after ex-player Ezio Scida, who died during a team trip in 1946."
228,Empoli,Empoli,Stadio Carlo Castellani,"20,000",Italy,https://www.stadiumguide.com/carlocastellani/,"Stadio Carlo Castellani was built between 1963 and 1965. It officially opened on 12 September 1965, though originally consisted of just one covered stand."
229,Ferrara,S.P.A.L.,Stadio Paolo Mazza,"16,134",Italy,https://www.stadiumguide.com/stadio-paolo-mazza/,"The capacity of the stadium was initially 4,000, but this got expanded after World War 2 to about 25,000. In the next decades, the stadium underwent various redevelopments, which lead to capacity dropping back to 7,500 seats."
230,Florence,Fiorentina,Stadio Artemio Franchi,"43,147",Italy,https://www.stadiumguide.com/artemiofranchi/,"The stadium was initially called Stadio Giovanni Berta, and already very much resembled the stadium of today. It had a capacity of about 45,000 places."
230,Florence,Fiorentina,Stadio Artemio Franchi,"43,147",Italy,https://www.stadiumguide.com/artemiofranchisiena/,"The stadium was initially simply called Stadio Comunale, and only received its current name in 1986. Between 2007 and 2013 “Montepaschi Arena” was added to the stadium name as part of a sponsorship deal."
231,Frosinone,Frosinone,Stadio Benito Stirpe,"16,227",Italy,https://www.stadiumguide.com/stadio-benito-stirpe/,"First plans for a new stadium for the city of Frosinone were made in the 1970s, but took time to turn into actual works. By the 1980s, with the prospect of the upcoming 1990 World Cup, works had started on a concrete main stand, but were soon halted due to financial difficulties."
232,Genova,Genoa,,,Italy,,
233,Sampdoria,Stadio Luigi Ferraris,,"36,599",Italy,,
234,La Spezia,Spezia,Stadio Alberto Picco,"10,336",Italy,https://www.stadiumguide.com/stadio-alberto-picco/,"Stadio Alberto Picco has been the home of Spezia Calcio since 1919. The stadium was built in a rush to provide Spezia with a home for their first league season, but wasn’t finished in time."
235,Lecce,Lecce,Stadio Via Del Mare,"31,533",Italy,https://www.stadiumguide.com/viadelmare/,"Stadio Via Del Mare could initially only hold 16,000 spectators and had a rectangular shape. Its capacity was increased in 1976 with a further 4,500 places."
236,Livorno,Livorno,Stadio Armando Picchi,"19,234",Italy,https://www.stadiumguide.com/armandopicchi/,Construction of Stadio Armando Picchi started in 1933 and soon after a first match was played at the still unfinished ground.
237,Milan,Inter,,,Italy,,
238,Milan,San Siro,,"80,018",Italy,,
239,Modena,Modena,Stadio Alberto Braglia,"21,151",Italy,https://www.stadiumguide.com/albertobraglia/,"The stadium was first named after Cesare Marzari, an ex-player who had died in the African War, but was renamed after the Second World War in honour of three-time Olympic gold medal winner Alberto Braglia, child of the city."
240,Monza,Monza,Stadio Brianteo,"7,499",Italy,https://www.stadiumguide.com/stadio-brianteo/,"However, from approval of the plans in 1980 and the first stone to be laid in 1982, it took until 1988 for the stadium to open. Stadio Brianteo officially opened on 28 August 1988 with a Cup match between Monza and Roma."
241,Naples,Napoli,Stadio San Paolo,"60,240",Italy,https://www.stadiumguide.com/sanpaolo/,Stadio San Paolo was built to provide Napoli with a permanent home after their old home Stadio Partenopeo had been destroyed in the Second World War by air raids.
242,Novara,Novara,Stadio Silvio Piola,"17,875",Italy,https://www.stadiumguide.com/silviopiola/,"Stadio Silvio Piola was built in the 1970s. The stadium officially opened on 18 January 1976. A few days later, Novara played their first match at the stadium against Juventus (2-1)."
243,Padua,Padova,Stadio Euganeo,"18,060",Italy,https://www.stadiumguide.com/euganeo/,Stadio Euganeo opened in March 1991. It replaced Padova’s old Stadio Silvio Appiani that had been the home of the club since 1924.
244,Palermo,Palermo,Stadio Renzo Barbera,"36,349",Italy,https://www.stadiumguide.com/renzobarbera/,Stadio Renzo Barbera opened on 24 January 1932 with a match between Palermo and Atalanta (5-1). It initially only consisted of two stands on both sides and had an athletics track circling the pitch.
245,Parma,Parma,Stadio Ennio Tardini,"27,906",Italy,https://www.stadiumguide.com/enniotardini/,"Stadio Ennio Tardini was built in the 1920s at the initiative of club president Ennio Tardini, who however died before the stadium was completed. It was consequently decided to name the stadium in his honour."
246,Pescara,Pescara,Stadio Adriatico,"20,476",Italy,https://www.stadiumguide.com/stadio-adriatico/,"Stadio Adriatico, in full Stadio Adriatico Giovanni Cornacchia, opened in 1955. The stadium was built as part of a round of investments for the 1960 Olympics in Rome and hosted a few games during the football tournament."
247,Piacenza,Piacenza,Stadio Leonardo Garilli,"17,821",Italy,https://www.stadiumguide.com/leonardogarilli/,"Stadio Leonardo Garilli officially opened on 21 September 1969, though a first match between Piacenza and Torino had already been played a few weeks earlier."
248,Reggio Emilia,Reggiana,,,Italy,,
249,Sassuolo,MAPEI Stadium - Citta del Tricolore,,"20,084",Italy,,
250,Rome,Lazio,,,Italy,,
251,Roma,Stadio Olimpico,,"72,698",Italy,,
252,Siena,Siena,Stadio Artemio Franchi,"15,373",Italy,https://www.stadiumguide.com/artemiofranchi/,"The stadium was initially called Stadio Giovanni Berta, and already very much resembled the stadium of today. It had a capacity of about 45,000 places."
252,Siena,Siena,Stadio Artemio Franchi,"15,373",Italy,https://www.stadiumguide.com/artemiofranchisiena/,"The stadium was initially simply called Stadio Comunale, and only received its current name in 1986. Between 2007 and 2013 “Montepaschi Arena” was added to the stadium name as part of a sponsorship deal."
253,Turin,Juventus,Allianz Stadium,"41,000",Italy,https://www.stadiumguide.com/juventusstadium/,"Allianz Stadium, previously known as Juventus Stadium, replaced Juventus’ old Stadio Delle Alpi, which had only been the home of the club since 1990. Juventus fans had never warmed up to Delle Alpi though, with most complaints involving the distance between stands and pitch, poor sightlines and lack of atmosphere."
254,Turin,Torino,Stadio Olimpico di Torino,"25,300",Italy,https://www.stadiumguide.com/olimpicoditorino/,"Stadio Olimpico di Torino, previously called Stadio Comunale, got built in the 1930s to serve as the host of the Littoriali Games (organised by the Fascist Party) and World Student Games."
255,Udine,Udinese,,,Italy,,
256,Pordenone,Stadio Friuli,,"25,000",Italy,,
257,Varese,--,Stadio Franco Ossola,"9,926",Italy,https://www.stadiumguide.com/francoossola/,"The stadium was initially named Stadio del Littorio, but was renamed Stadio Franco Ossola in 1949, in honour of the Torino striker that died in the Superga air disaster and who started his career at Varese."
258,Venice,Venezia,Stadio Pierluigi Penzo,"7,450",Italy,https://www.stadiumguide.com/pierluigipenzo/,"Stadio Pierluigi Penzo opened in 1913, which makes it the second oldest stadium with a professional club in Italy."
259,Verona,Chievo Verona,,,Italy,,
260,Hellas Verona,Stadio Marcantonio Bentegodi,,"39,221",Italy,,
261,A Coruna,Deportivo de La Coruna,Estadio ABANCA-Riazor,"32,660",Spain,https://www.stadiumguide.com/riazor/,"Estadio ABANCA-Riazor, previously known as Estadio Municipal de Riazor, was built in the early 1940s. It replaced Deportivo’s old ground with the same name, that had become too small for the club."
262,Alcorcon,AD Alcorcon,Estadio Municipal de Santo Domingo,"5,880",Spain,https://www.stadiumguide.com/municipal-santo-domingo/,"Estadio Municipal de Santo Domingo was built in 1999, replacing the old Estadio Municipal that had stood at the same place."
263,Alicante,Alicante CF,Estadio Jose Rico Perez,"29,500",Spain,https://www.stadiumguide.com/josericoperez/,"Estadio José Rico Pérez replaced Hércules’ old Campo de la Viña. It was a project of ambitious club president José Rico Pérez, who decided that the club needed to built a new stadium to match its rising successes. Due to financial difficulties, it however took until May 1973 for building works to start."
264,Almeria,UD Almeria,Estadio de los Juegos Mediterraneos,"15,000",Spain,https://www.stadiumguide.com/estadio-de-los-juegos-mediterraneos/,"The stadium came at a cost of €22 million and officially opened one year before the games on 31 July 2004. It subsequently became the new home of Almería, replacing their old Estadio Juan Rojas."
265,Barakaldo,Barakaldo CF,Campo de Lasesarre,"7,960",Spain,https://www.stadiumguide.com/campo-de-lasesarre/,Campo de Lasesarre got built to replace Barakaldo’s old stadium with the same name with a modern version. It officially opened on 30 September 2003 with a friendly versus Athletic Club (2-3).
266,Barcelona,FC Barcelona,Camp Nou,"99,354",Spain,https://www.stadiumguide.com/noucamp/,"Camp Nou was built between 1954 and 1957, and officially opened on the 24th of September 1957 with a match between FC Barcelona and a selection of players from the city of Warsaw."
267,Barcelona,RCD Espanyol,RCDE Stadium,"40,500",Spain,https://www.stadiumguide.com/cornellaelprat/,"RCDE Stadium, previously known as Estadi Cornellà-El Prat and Power8 Stadium, replaced Espanyol’s old Estadi de Sarrià, which the club left in 1997. Espanyol first moved to Barcelona’s Olympic Stadium, Estadio Olímpico Lluís Companys, but always preferred a proper own home."
268,Bilbao,Athletic Club,Estadio San Mames,"53,000",Spain,https://www.stadiumguide.com/estadio-san-mames/,"Estadio San Mamés replaced Athlétic’s old stadium with the same name, which had served the club for almost 100 years, but did not offer the facilities of modern-day stadiums."
269,Cadiz,Cadiz CF,Nuevo Estadio Ramon de Carranza,"20,000",Spain,https://www.stadiumguide.com/nuevo-ramon-de-carranza/,Estadio Ramon de Carranza officially opened on 3 September 1955 with a match between Cadiz and Barcelona (0-4). Previously Cadiz had played their home games at Campo Mirandilla closer to Cadiz’ historic centre.
270,Cartagena,FC Cartagena,Estadio Cartagonova,"15,105",Spain,https://www.stadiumguide.com/estadio-cartagonova/,"Estadio Cartagonova got built in 1988 to replace Cartagena’s old Estadio El Almarjal, which had been the home of the club from 1925."
271,Cordoba,Cordoba CF,Estadio El Arcangel,"20,989",Spain,https://www.stadiumguide.com/estadio-el-arcangel-cordoba/,"El Nuevo Estadio Municipal ‘El Arcangel’ got built in 1993 to replace Cordoba’s old Estadio El Arcangel, which had fallen into a state of disrepair."
272,Eibar,SD Eibar,Estadio de Ipurua,"7,083",Spain,https://www.stadiumguide.com/estadio-de-ipurua/,"Estadio de Ipurua opened on 14 September 1947 with a match between Eibar and Elgoibar. Before, the local clubs in Eibar had occupied various smaller grounds, but when these clubs consolidated into SD Eibar in the 1940s, a larger ground was needed."
273,Elche,Elche CF,Estadio Martinez Valero,"36,017",Spain,https://www.stadiumguide.com/martinezvalero/,"The stadium, then still simply called Nuevo Estadio, officially opened on the 8 September 1976 with a friendly between Elche and the Mexican national team (3-3)."
274,Getafe,Getafe CF,Coliseum Alfonso Perez,"17,500",Spain,https://www.stadiumguide.com/coliseumalfonsoperez/,"Coliseum Alfonso Pérez replaced Getafe’s old Estadio Las Margaritas, which had become too small after the club celebrated several successes in the 1980s and early 1990s."
275,Gijon,Real Sporting de Gijon,Estadio El Molinon,"30,000",Spain,https://www.stadiumguide.com/elmolinon/,"The first reference to Estadio El Molinón was made in May 1908, though it is likely that football had been played at the site before. The reference by newspaper El Comercio reported on a match played at the ground between La Bella Sportiva and El Balón."
276,Girona,Girona FC,Estadi Municipal de Montilivi,"9,500",Spain,https://www.stadiumguide.com/montilivi/,Estadi Municipal de Montilivi officially opened on 14 August 1970 with a friendly between Girona and Barcelona. The stadium replaced the old Campo Alegre.
277,Granada,Granada CF,Estadio de Los Carmenes,"22,500",Spain,https://www.stadiumguide.com/carmenes/,"Estadio Nuevo Los Cármenes opened on 16 May 1995 with an exhibition match between Real Madrid and Bayer 04 Leverkusen. The stadium replaced Granada’s old stadium with the same name, but which had stood at a different site."
278,Huesca,SD Huesca,Estadio El Alcoraz,"7,683",Spain,https://www.stadiumguide.com/estadio-el-alcoraz/,"The stadium underwent a large redevelopment during the 2008/09 season including the enlargement of the main stand, the construction of a roof on the opposite stand, and improvements to the stadium’s facilities."
279,Irun,Real Union Club de Irun,Stadium Gal,"5,000",Spain,https://www.stadiumguide.com/stadium-gal/,Stadium Gal got built in the 1920s when Real Union was one of Spain’s leading sides. It officially opened on 19 September 1926 with a friendly versus Barcelona. The stadium had a distinct English influence with one covered main stand and open terraces on the other sides.
280,Las Palmas,UD Las Palmas,Estadio de Gran Canaria,"31,250",Spain,https://www.stadiumguide.com/estadio-de-gran-canaria/,Estadio de Gran Canaria was built to provide the Canary Islands with a new principal sports venue and local side Las Palmas with a modern home.
281,Leganes,CD Leganes,Estadio Municipal de Butarque,"10,958",Spain,https://www.stadiumguide.com/estadio-municipal-butarque/,"The stadium is named of the local patron of the city of Leganes, Nuestra Senora de Butarque."
284,Madrid,Atletico de Madrid,Wanda Metropolitano,"68,000",Spain,https://www.stadiumguide.com/nuevoestadioatleticomadrid/,"Wanda Metropolitano is the recently opened new stadium of Atletico Madrid. It replaced Estadio Vicente Calderon, which lacked possibilities for expansion and modernisation being enclosed by a river and a motorway on one side and residential buildings on the other."
285,Madrid,Rayo Vallecano,Campo de Futbol de Vallecas,"14,708",Spain,https://www.stadiumguide.com/vallecas/,"Campo de Futbol de Vallecas, previously also called Estadio Teresa Rivero, was built in the mid 1970s at the site of Rayo’s old Campo de Vallecas. The new stadium officially opened on 10 May 1976 with a match between Rayo and Valladolid (0-1)."
286,Madrid,Real Madrid CF,Estadio Santiago Bernabeu,"81,044",Spain,https://www.stadiumguide.com/bernabeu/,"In 1943, Chamartin had already become too small again, and club-president Santiago Bernabéu decided that Madrid needed a new and modern 100,000-stadium."
287,Madrid,Real Madrid Castilla,Estadio Alfredo di Stefano,"6,000",Spain,https://www.stadiumguide.com/estadio-alfredo-di-stefano/,"The stadium officially opened on 9 May 2006 with a match between Real Madrid and Stade de Reims, the sides of the first 1956 European Cup final won by Real Madrid. The stadium got named after Alfredo di Stefano, one of the great all-time footballers of the club, and includes a statue of the player in front. "
288,Malaga,Malaga CF,Estadio La Rosaleda,"30,044",Spain,https://www.stadiumguide.com/rosaleda/,"The first match at La Rosaleda was played on 13 April 1941. Málaga, then still called Malacitano, beat guests Ferroviaria 6-0. The match had been put forward due to the destruction of the pitch of Malacitano’s old ground by a thunderstorm."
289,Murcia,Real Murcia FC,Estadio Enrique Roca de Murcia,"31,179",Spain,https://www.stadiumguide.com/nuevacondomina/,The stadium officially opened on 11 October 2006 with a friendly between Spain and Argentina (2-1). The first goal was scored by Xavi.
290,Oviedo,Real Oviedo,Estadio Carlos Tartiere,"30,500",Spain,https://www.stadiumguide.com/estadio-carlos-tartiere/,Estadio Carlos Tartiere opened in 2000. It replaced Oviedo’s old stadium with the same name that lacked modern facilities and had seen its capacity reduced due to safety measures.
291,Palma de Mallorca,RCD Mallorca,Iberostar Estadio,"23,142",Spain,https://www.stadiumguide.com/sonmoix/,"Iberostar Estadio, until 2004 called Son Moix, was built for the 1999 Universiade Games that were held at Palma de Mallorca. The stadium became the new home of Mallorca after the games, replacing the old Estadio Lluis Sitjar that had been home to the club since 1945."
292,Pamplona,CA Osasuna,Estadio El Sadar,"23,500",Spain,https://www.stadiumguide.com/sadar/,"The stadium could initially hold about 25,000 spectators, of which 7,000 seated, but it got further expanded in 1989 when a new main stand was built. Soon after, however, capacity decreased again to just under 20,000 when the stadium was turned into an all-seater."
293,Ponferrada,SD Ponferradina,Estadio Municipal El Toralin,"8,400",Spain,https://www.stadiumguide.com/estadio-municipal-el-toralin/,"El Toralin could initially hold about 6,000 spectators, but got later expanded following the Ponferradina’s promotion to the second division."
294,Sabadell,CE Sabadell FC,Estadi Municipal de la Nova Creu Alta,"20,000",Spain,https://www.stadiumguide.com/novacreualta/,Estadi Municipal de la Nova Creu Alta replaced the old Creu Alta stadium. It officially opened on 20 August 1967.
295,San Sebastian,Real Sociedad,Reale Arena,"40,000",Spain,https://www.stadiumguide.com/anoeta/,"Estadio Anoeta opened on 29 July 1993 with the European Youth Athletics Championships. The first match at the stadium was played a few weeks later when Sociedad received Real Madrid for a friendly. The stadium could hold 32,000 spectators."
296,Santa Cruz de Tenerife,CD Tenerife,Estadio Heliodoro Rodriguez Lopez,"22,824",Spain,https://www.stadiumguide.com/estadio-heliodoro-rodriguez-lopez,"Estadio Heliodoro Rodríguez López, at times abbreviated to Estadio HRL, has been the home of Tenerife since 1925. It was Tenerife’s first proper stadium as before they played at an open field without proper stands."
297,Santander,Racing Club de Santander,Campos de Sport de El Sardinero,"22,222",Spain,https://www.stadiumguide.com/sardinero/,Campos de Sport de El Sardinero opened on the 20th of August 1988. It replaced Racing’s previous ground with the same name.
298,Seville,--,Estadio La Cartuja de Sevilla,"60,000",Spain,https://www.stadiumguide.com/estadio-la-cartuja-de-sevilla/,"Estadio La Cartuja de Sevilla, also known as Estadio Olimpico de Sevilla, was built to serve as the centrepiece venue of the 1999 IAAF Athletics World Championships. It also formed part of Seville’s failed bids for the 2004 and 2008 Olympics."
299,Seville,Real Betis Balompie,Estadio Benito Villamarin,"60,721",Spain,https://www.stadiumguide.com/benitovillamarin/,Estadio Benito Villamarín was built in 1929 for the Ibero-American Exposition that was held in Seville that year. The first football played at the stadium was an international between Spain an Portugal on 17 March 1929.
300,Seville,Sevilla FC,Estadio Ramon Sanchez Pizjuan,"42,714",Spain,https://www.stadiumguide.com/ramonsanchez/,"Estadio Ramón Sánchez Pizjuán got built to replace Sevilla’s old Estadio de Nervión, which had become too small for the ambitions of the club."
301,Soria,CD Numancia,Nuevo Estadio Los Pajaritos,"8,727",Spain,https://www.stadiumguide.com/nuevoestadiolospajaritos/,Nuevo Estadio Los Pajaritos opened on 14 January 1999 after a construction period of only 6 months. The stadium came at a cost of €12 million.
302,Tarragona,Gimnastic de Tarragona,Nou Estadi,"14,591",Spain,https://www.stadiumguide.com/nou-estadi-tarragona/,Nou Estadi de Tarragona got built in the early 1970s at the initiative of club president José Luis Calderón who wanted to move the club from their stadium at the Avenida Catalunya to a newer and larger one.
303,Valencia,Levante UD,Estadi Ciutat de Valencia,"26,354",Spain,https://www.stadiumguide.com/ciutatdevalencia/,"Estadi Ciutat de Valencia officially opened on 9 September 1969 with a friendly between Levante and Valencia, won by the visitors."
304,Valencia,Valencia CF,Estadio de Mestalla,"55,000",Spain,https://www.stadiumguide.com/mestalla/,"Estadio de Mestalla opened on the 20th of May 1923 with a friendly between Valencia and Levante. It could initially hold 17,000 fans, but was quickly expanded to a capacity of 25,000."
305,Valladolid,Real Valladolid CF,Estadio Jose Zorrilla,"26,512",Spain,https://www.stadiumguide.com/josezorrilla/,"Estadio José Zorrilla was built to serve as a playing venue for the 1982 World Cup. It replaced the old Estadio José Zorrilla, which had served the club from 1940."
306,Villarreal,Villarreal CF,Estadio El Madrigal,"25,000",Spain,https://www.stadiumguide.com/madrigal/,"Estadio de la Ceramica, better known as El Madrigal, opened on 17 June 1923 with a match between CD Castellon and El Cervantes. The stadium was initially named Campo del Villarreal, but this soon got changed to El Madrigal."
307,Vigo,RC Celta de Vigo,Estadio Municipal de Balaidos,"31,800",Spain,https://www.stadiumguide.com/balaidos/,Estadio Municipal de Balaídos opened in 1928 after a three-year construction period. The first match was played between Celta and Real Union on the 30th of December of that year (7-0).
308,Vitoria-Gasteiz,Deportivo Alaves,Estadio de Mendizorroza,"19,840",Spain,https://www.stadiumguide.com/estadio-mendizorroza/,"Estadio de Mendizorroza (Mendizorrotza in Basque) officially opened on 27 April 1924. Over the years, it underwent several redevelopments, the last major one in 1998 following the club’s promotion to La Liga, which included filling up the corners of the stadium."
309,Zaragoza,Real Zaragoza,Estadio La Romareda,"34,596",Spain,https://www.stadiumguide.com/romareda/,"Estadio La Romareda got further expanded in 1977 when second tiers got added to both ends, which raised capacity to 50,000 places."
